1,Carol . Williams,O$@8Hk&UP!,d1c9d264-0a18-49d3-9b37-73f426e78b6e,4
2,Rebecca . Lopez,LGEmdRFG)2,7e3f05d2-70a7-40be-a73c-78c4766c24ea,1
3,Samantha . Gibbs,qB0fAMZrq&,74ba8dcf-3b30-40d4-a7c1-87ed75af1ad3,1
4,Jeffery . Green,BfS+ze7^^9,b286c07f-6ea5-47dc-952f-565a0d016de1,1
5,Gabriel . Matthews,+9EWw!vhbX,cfb1260a-71c9-41cb-beff-2447270f4490,4
6,Ashley . Gutierrez,448kZ_gf@s,f9261fbf-82eb-422d-8256-f9a8fd76e042,2
7,Donna . Hall,^3HkChCt(W,f320f6d9-f6d3-4ccd-8a58-0aa748c2af24,5
8,Janet . Castaneda,_P9j6RtXpV,73100bab-ebbb-44f2-8c47-2ed37acc41ac,5
9,Rebecca . Holmes,W!i0+Mx3)!,e3675ab2-b47f-40d8-b996-a0184ebe52ce,2
10,Robert . Gonzalez,^8R52IqIgt,d9e19d79-4e29-4d11-80f0-34573948a082,2
11,Jacqueline . Garcia,7c_GKmNy%p,e56d644c-b2e7-4721-92e3-cd31c1d2bc02,3
12,Jeremy . Baxter,$3F4U_7KBb,5466fa1a-d05c-4dbe-97fc-1edd6d5f89ed,1
13,Christopher . White,%7dfDFu0n4,249a6842-59f7-4ebc-844e-51850acf2503,1
14,Angela . Benson,w@9cVluehi,d1987429-4bc5-4c6e-8549-fbd335c2e97f,1
15,Lisa . Thornton,_Wf9Pr204#,052937d0-5766-47fc-8079-d120765e17c0,5
16,Craig . Jones,7YXBXf_X)N,de66d840-8240-4333-b81e-ec41bf12a8c7,3
17,Stephanie . Fitzpatrick,$j8CqvCFv7,69f95f24-0881-4625-938f-00f5b01fa4bf,3
18,Jeffrey . Jackson,2MPZQLhq)6,6e750260-7dfa-45ae-9b8e-fb7935658632,5
19,Douglas . Hudson,XKj3K@dT%V,07667bb1-fb22-4707-9675-444e8f0c2b36,3
20,Brittney . Cardenas,x$4INTbX(C,410440e4-f1f6-47d8-9b6b-5df5b753194f,4
21,Brent . Ochoa,#k0Kbuef4#,c4cbae3e-03b2-4a61-9986-4ad16ee036de,1
22,Dakota . Turner,@!11XPtRcg,d01ede37-ecb1-4558-be55-21c79292fe99,3
23,David . Rice,#S&&)TJm94,4fdcd0e9-051b-4de9-b09f-4ce2f8ff1251,5
24,Jason . Holloway,S7jJ!Apy$p,94f6942c-f306-4e2a-b06f-3e12c48c3bbf,3
25,Aaron . Jenkins,#^KJ(hWb8R,db696536-9333-4748-a7ad-a409226b1485,5
26,Paul . Johnson,_l33FCqYlW,acd84cb5-73a8-4fc0-99f4-aa8c082133d0,1
27,Brian . Aguilar,G#)7F7Wufx,b0ad7af3-203d-4737-a44f-dbdb5e8c786d,4
28,Teresa . Phillips,I)2r77KDwh,fa860448-0e05-428f-a967-9a394a0f8293,4
29,Joseph . Rush,8z7aZN4ik+,859ac9dc-6393-4bea-9ff9-243fa7803968,1
30,Ryan . Fernandez,#)74RXyg2x,b80106b8-1f53-4109-9ae8-ff1cd287c057,4
31,Dana . Mills,$8oOniwqiL,21b7a3b5-90f6-4118-8402-92f85c886dbe,4
32,Michele . Romero,V8M6UjBo@L,45e3db50-66fa-4c8a-9908-5de8bfb0ab2b,1
33,Jennifer . Gray,*!aHwht#F7,5192685a-d535-4ef5-a64b-56f6074eb7d5,4
34,John . Diaz,3*Dz2UicFI,834c2430-5e30-4115-a600-e5d47daa6e68,1
35,Tamara . Vasquez,$4@NIxliJU,d1e4e5c3-2b7b-4f02-ab48-c9e2ae218e8f,1
