1,Stokes-Vaughan
2,Riley LLC
3,White-Kerr
4,Hawkins-Gonzalez
5,Anderson LLC
6,"Rogers, Sanchez and Duffy"
7,Higgins LLC
8,Sellers-Chavez
9,Underwood and Sons
10,Allen Inc
11,"Wilson, Dudley and West"
12,Garcia Ltd
13,"Miller, Bailey and Gonzales"
14,"Mendoza, Cunningham and Parker"
15,"Wallace, Jimenez and Allen"
16,Torres LLC
17,"Rodriguez, Bell and Atkinson"
18,Saunders-Henry
19,"Arnold, Wilkerson and Berg"
20,Abbott-Fox
21,Wright-Anderson
22,Jefferson PLC
23,Alvarez PLC
24,Simon Ltd
25,"Wood, Lee and Bruce"
26,"Nelson, Montgomery and Wilson"
27,"Santos, Hawkins and Patel"
28,"Hodges, Thomas and Erickson"
29,Knapp-Walker
30,Rollins Group
31,Watkins-Long
32,Lucas-Stanton
33,Keller-Barnett
34,"Moran, Sparks and Campbell"
35,"Roberts, Lang and Freeman"
36,"Petty, Chavez and Mitchell"
37,"Leblanc, Young and Schneider"
38,Fisher Group
39,Freeman and Sons
40,"Flores, Jones and Stevens"
41,Young-Ward
42,"Jones, Fisher and Adams"
43,"Kim, White and Castro"
44,"Willis, Turner and Hamilton"
45,Perkins Group
46,"Hawkins, Morris and Roy"
47,Sutton LLC
48,"Johnson, Smith and Mcguire"
49,Miller Group
50,Roberts-Reynolds
51,Pruitt-Williamson
52,"Adkins, Warren and Lane"
53,Snyder-Sparks
54,"Bradley, Velez and Lee"
55,Henry PLC
56,"Harris, Pratt and Carr"
57,Forbes Inc
58,Romero-Fox
59,Boyd-Brennan
60,Rivera Inc
61,"Lee, Johnson and Moore"
62,Bell Inc
63,Martin-Sherman
64,Lloyd-Parker
65,"Munoz, Williams and Sanders"
66,"Meyers, Anderson and Wells"
67,Paul-Thompson
68,Mcpherson Inc
69,Jones-Arellano
70,Scott Group
71,Pena LLC
72,"Wilson, Miller and Miller"
73,"Marquez, Webster and Rodriguez"
74,"Melendez, Christensen and Rowe"
75,"Riggs, Sheppard and Johnson"
76,Daniels-Carpenter
77,Pena-Garcia
78,Fleming-Gonzales
79,"Brooks, Gray and Wood"
80,"Richardson, Davis and Cross"
81,Meyer Inc
82,Adams LLC
83,"Smith, Ellis and Powers"
84,Day LLC
85,"Elliott, Thomas and Pierce"
